id,label
0,spam
1,ham
2,ham
3,ham
4,ham
5,spam
6,ham
7,spam
8,ham
9,ham
10,ham
11,spam
12,ham
13,ham
14,ham
15,ham
16,ham
17,ham
18,ham
19,spam
20,ham
21,ham
22,ham
23,ham
24,spam
25,ham
26,spam
27,ham
28,spam
29,ham
30,ham
31,ham
32,ham
33,ham
34,spam
35,ham
36,ham
37,ham
38,ham
39,spam
40,ham
41,ham
42,ham
43,ham
44,ham
45,ham
46,ham
47,ham
48,ham
49,spam
50,ham
51,ham
52,ham
53,ham
54,ham
55,ham
56,spam
57,ham
58,ham
59,ham
60,spam
61,ham
62,ham
63,ham
64,ham
65,ham
66,ham
67,ham
68,ham
69,spam
70,ham
71,spam
72,spam
73,spam
74,ham
75,ham
76,ham
77,ham
78,ham
79,ham
80,spam
81,ham
82,spam
83,ham
84,ham
85,ham
86,ham
87,spam
88,ham
89,spam
90,spam
91,ham
92,ham
93,ham
94,spam
95,ham
96,ham
97,ham
98,ham
99,spam
100,ham
101,ham
102,spam
103,spam
104,ham
105,ham
106,ham
107,spam
108,ham
109,ham
110,ham
111,ham
112,ham
113,spam
114,ham
115,ham
116,ham
117,spam
118,ham
119,ham
120,ham
121,ham
122,ham
123,spam
124,ham
125,ham
126,ham
127,ham
128,ham
129,ham
130,ham
131,ham
132,ham
133,ham
134,ham
135,ham
136,ham
137,ham
138,ham
139,ham
140,ham
141,spam
142,spam
143,ham
144,ham
145,ham
146,spam
147,spam
148,ham
149,ham
150,ham
151,ham
152,ham
153,spam
154,ham
155,spam
156,ham
157,ham
158,spam
159,spam
160,ham
161,ham
162,ham
163,ham
164,spam
165,ham
166,ham
167,ham
168,spam
169,ham
170,ham
171,ham
172,ham
173,ham
174,spam
175,ham
176,spam
177,ham
178,ham
179,ham
180,ham
181,ham
182,spam
183,ham
184,spam
185,spam
186,ham
187,ham
188,ham
189,ham
190,spam
191,ham
192,ham
193,ham
194,ham
195,ham
196,ham
197,spam
198,ham
199,ham
200,ham
201,ham
202,ham
203,ham
204,ham
205,ham
206,spam
207,ham
208,ham
209,ham
210,ham
211,ham
212,spam
213,spam
214,spam
215,ham
216,spam
217,ham
218,ham
219,ham
220,ham
221,ham
222,ham
223,ham
224,ham
225,ham
226,ham
227,ham
228,ham
229,ham
230,ham
231,spam
232,ham
233,ham
234,ham
235,ham
236,ham
237,ham
238,ham
239,ham
240,ham
241,ham
242,ham
243,ham
244,ham
245,spam
246,ham
247,spam
248,spam
249,ham
250,ham
251,ham
252,spam
253,ham
254,ham
255,ham
256,ham
257,ham
258,ham
259,ham
260,ham
261,ham
262,ham
263,ham
264,ham
265,ham
266,ham
267,ham
268,ham
269,spam
270,ham
271,ham
272,ham
273,ham
274,ham
275,spam
276,spam
277,ham
278,ham
279,ham
280,ham
281,ham
282,spam
283,ham
284,ham
285,ham
286,spam
287,ham
288,ham
289,spam
290,ham
291,ham
292,spam
293,ham
294,spam
295,ham
296,ham
297,spam
298,ham
299,ham
300,spam
301,spam
302,ham
303,ham
304,ham
305,spam
306,spam
307,ham
308,ham
309,spam
310,ham
311,spam
312,ham
313,spam
314,ham
315,ham
316,ham
317,spam
318,ham
319,ham
320,ham
321,ham
322,ham
323,ham
324,ham
325,ham
326,ham
327,spam
328,ham
329,ham
330,spam
331,ham
332,ham
333,ham
334,ham
335,spam
336,ham
337,ham
338,ham
339,ham
340,ham
341,ham
342,ham
343,ham
344,ham
345,spam
346,spam
347,ham
348,ham
349,ham
350,ham
351,spam
352,ham
353,spam
354,ham
355,ham
356,spam
357,ham
358,ham
359,ham
360,ham
361,ham
362,ham
363,ham
364,ham
365,ham
366,spam
367,spam
368,ham
369,spam
370,ham
371,ham
372,ham
373,ham
374,ham
375,ham
376,ham
377,spam
378,spam
379,spam
380,ham
381,spam
382,ham
383,ham
384,ham
385,ham
386,ham
387,ham
388,ham
389,ham
390,ham
391,ham
392,ham
393,ham
394,spam
395,ham
396,ham
397,ham
398,ham
399,ham
400,ham
401,ham
402,spam
403,ham
404,ham
405,ham
406,ham
407,spam
408,ham
409,ham
410,ham
411,spam
412,ham
413,ham
414,ham
415,ham
416,ham
417,spam
418,ham
419,ham
420,ham
421,ham
422,ham
423,spam
424,ham
425,ham
426,ham
427,ham
428,ham
429,ham
430,spam
431,ham
432,ham
433,ham
434,ham
435,spam
436,ham
437,ham
438,spam
439,ham
440,ham
441,spam
442,ham
443,ham
444,ham
445,ham
446,ham
447,ham
448,ham
449,ham
450,ham
451,ham
452,ham
453,ham
454,ham
455,ham
456,ham
457,ham
458,ham
459,ham
460,ham
461,ham
462,ham
463,ham
464,ham
465,ham
466,ham
467,ham
468,ham
469,ham
470,ham
471,ham
472,ham
473,spam
474,ham
475,ham
476,ham
477,spam
478,spam
479,spam
480,ham
481,spam
482,spam
483,spam
484,ham
485,ham
486,ham
487,ham
488,spam
489,spam
490,ham
491,spam
492,ham
493,ham
494,ham
495,ham
496,spam
497,ham
498,ham
499,spam
500,ham
501,spam
502,ham
503,spam
504,spam
505,ham
506,ham
507,ham
508,ham
509,ham
510,ham
511,ham
512,ham
513,ham
514,ham
515,spam
516,ham
517,ham
518,ham
519,ham
520,ham
521,ham
522,spam
523,spam
524,spam
525,ham
526,ham
527,ham
528,ham
529,ham
530,ham
531,spam
532,ham
533,spam
534,ham
535,ham
536,ham
537,spam
538,ham
539,spam
540,ham
541,ham
542,ham
543,ham
544,ham
545,ham
546,ham
547,ham
548,ham
549,ham
550,spam
551,spam
552,ham
553,ham
554,ham
555,spam
556,ham
557,ham
558,ham
559,ham
560,ham
561,ham
562,ham
563,ham
564,ham
565,ham
566,ham
567,ham
568,spam
569,spam
570,ham
571,ham
572,ham
573,spam
574,spam
575,ham
576,ham
577,ham
578,ham
579,spam
580,ham
581,spam
582,ham
583,ham
584,ham
585,ham
586,ham
587,ham
588,ham
589,ham
590,ham
591,ham
592,ham
593,ham
594,spam
595,ham
596,ham
597,ham
598,ham
599,ham
600,ham
601,ham
602,ham
603,spam
604,ham
605,ham
606,ham
607,ham
608,ham
609,ham
610,ham
611,spam
612,ham
613,ham
614,spam
615,ham
616,ham
617,ham
618,ham
619,ham
620,ham
621,spam
622,ham
623,ham
624,ham
625,ham
626,ham
627,spam
628,ham
629,ham
630,ham
631,ham
632,ham
633,ham
634,ham
635,spam
636,ham
637,ham
638,ham
639,ham
640,ham
641,ham
642,ham
643,ham
644,ham
645,ham
646,spam
647,spam
648,spam
649,ham
650,ham
651,ham
652,ham
653,spam
654,ham
655,ham
656,ham
657,ham
658,ham
659,spam
660,spam
661,ham
662,ham
663,spam
664,ham
665,spam
666,ham
667,ham
668,ham
669,ham
670,ham
671,ham
672,spam
673,ham
674,ham
675,ham
676,spam
677,ham
678,ham
679,ham
680,spam
681,spam
682,ham
683,spam
684,ham
685,ham
686,ham
687,ham
688,ham
689,ham
690,ham
691,ham
692,ham
693,ham
694,ham
695,spam
696,ham
697,spam
698,ham
699,ham
700,spam
701,ham
702,spam
703,ham
704,ham
705,ham
706,ham
707,ham
708,ham
709,ham
710,ham
711,ham
712,ham
713,ham
714,spam
715,ham
716,ham
717,ham
718,ham
719,ham
720,spam
721,ham
722,ham
723,ham
724,spam
725,spam
726,ham
727,spam
728,ham
729,ham
730,ham
731,spam
732,ham
733,spam
734,ham
735,ham
736,ham
737,ham
738,spam
739,ham
740,ham
741,ham
742,ham
743,ham
744,ham
745,spam
746,ham
747,ham
748,spam
749,ham
750,ham
751,ham
752,spam
753,ham
754,spam
755,ham
756,ham
757,spam
758,spam
759,ham
760,ham
761,ham
762,spam
763,ham
764,ham
765,ham
766,ham
767,ham
768,ham
769,ham
770,ham
771,ham
772,ham
773,ham
774,ham
775,ham
776,ham
777,ham
778,ham
779,ham
780,ham
781,spam
782,ham
783,ham
784,ham
785,ham
786,spam
787,spam
788,ham
789,ham
790,ham
791,ham
792,spam
793,ham
794,spam
795,ham
796,spam
797,ham
798,ham
799,ham
800,ham
801,ham
802,spam
803,spam
804,ham
805,ham
806,spam
807,spam
808,ham
809,ham
810,spam
811,ham
812,spam
813,ham
814,ham
815,ham
816,ham
817,ham
818,ham
819,spam
820,ham
821,ham
822,ham
823,ham
824,ham
825,spam
826,ham
827,ham
828,ham
829,ham
830,ham
831,ham
832,ham
833,ham
834,ham
835,ham
836,ham
837,ham
838,ham
839,spam
840,ham
841,spam
842,ham
843,spam
844,ham
845,ham
846,ham
847,ham
848,ham
849,ham
850,ham
851,ham
852,ham
853,ham
854,ham
855,ham
856,ham
857,ham
858,ham
859,ham
860,ham
861,ham
862,ham
863,ham
864,spam
865,ham
866,ham
867,ham
868,ham
869,ham
870,ham
871,ham
872,ham
873,spam
874,ham
875,ham
876,ham
877,ham
878,ham
879,ham
880,spam
881,spam
882,ham
883,ham
884,ham
885,ham
886,ham
887,spam
888,ham
889,ham
890,spam
891,ham
892,ham
893,ham
894,ham
895,ham
896,spam
897,ham
898,ham
899,ham
900,ham
901,ham
902,ham
903,ham
904,ham
905,ham
906,ham
907,ham
908,ham
909,ham
910,spam
911,spam
912,spam
913,ham
914,ham
915,ham
916,spam
917,ham
918,ham
919,ham
920,ham
921,spam
922,ham
923,spam
924,ham
925,ham
926,ham
927,ham
928,ham
929,ham
930,ham
931,spam
932,ham
933,ham
934,spam
935,ham
936,ham
937,ham
938,ham
939,ham
940,ham
941,ham
942,ham
943,ham
944,ham
945,ham
946,ham
947,ham
948,ham
949,spam
950,ham
951,ham
952,ham
953,ham
954,ham
955,ham
956,ham
957,ham
958,ham
959,spam
960,ham
961,ham
962,ham
963,ham
964,ham
965,ham
966,ham
967,spam
968,spam
969,spam
970,ham
971,ham
972,spam
973,ham
974,ham
975,spam
976,ham
977,ham
978,ham
979,ham
980,ham
981,ham
982,spam
983,ham
984,ham
985,ham
986,ham
987,ham
988,ham
989,ham
990,ham
991,ham
992,ham
993,spam
994,ham
995,ham
996,ham
997,ham
998,ham
999,ham
1000,ham
1001,ham
1002,ham
1003,ham
1004,ham
1005,ham
1006,ham
1007,ham
1008,ham
1009,spam
1010,ham
1011,ham
1012,spam
1013,spam
1014,ham
1015,spam
1016,ham
1017,ham
1018,spam
1019,ham
1020,ham
1021,ham
1022,spam
1023,spam
1024,spam
1025,spam
1026,ham
1027,ham
1028,ham
1029,ham
1030,ham
1031,ham
1032,ham
1033,ham
1034,spam
1035,ham
1036,ham
1037,ham
1038,ham
1039,spam
1040,ham
1041,spam
1042,spam
1043,ham
1044,ham
1045,spam
1046,ham
1047,ham
1048,ham
1049,ham
1050,ham
1051,spam
1052,ham
1053,ham
1054,ham
1055,ham
1056,spam
1057,ham
1058,ham
1059,ham
1060,ham
1061,ham
1062,ham
1063,ham
1064,ham
1065,ham
1066,ham
1067,ham
1068,ham
1069,ham
1070,ham
1071,ham
1072,ham
1073,ham
1074,ham
1075,ham
1076,ham
1077,ham
1078,ham
1079,ham
1080,spam
1081,ham
1082,ham
1083,spam
1084,spam
1085,ham
1086,spam
1087,spam
1088,ham
1089,ham
1090,ham
1091,spam
1092,ham
1093,ham
1094,ham
1095,ham
1096,spam
1097,spam
1098,ham
1099,ham
1100,spam
1101,ham
1102,spam
1103,spam
1104,spam
1105,ham
1106,ham
1107,ham
1108,ham
1109,ham
1110,ham
1111,ham
1112,ham
1113,ham
1114,ham
1115,ham
1116,spam
1117,ham
1118,ham
1119,ham
1120,ham
1121,ham
1122,ham
1123,spam
1124,ham
1125,ham
1126,ham
1127,ham
1128,ham
1129,ham
1130,spam
1131,ham
1132,spam
1133,ham
1134,ham
1135,ham
1136,ham
1137,spam
1138,ham
1139,ham
1140,ham
1141,ham
1142,spam
1143,ham
1144,ham
1145,spam
1146,ham
1147,ham
1148,ham
1149,ham
1150,ham
1151,ham
1152,ham
1153,ham
1154,ham
1155,ham
1156,ham
1157,ham
1158,spam
1159,spam
1160,spam
1161,ham
1162,spam
1163,spam
1164,ham
1165,ham
1166,ham
1167,ham
1168,ham
1169,ham
1170,ham
1171,ham
1172,ham
1173,ham
1174,ham
1175,spam
1176,ham
1177,ham
1178,spam
1179,ham
1180,ham
1181,spam
1182,ham
1183,ham
1184,spam
1185,ham
1186,ham
1187,ham
1188,ham
1189,ham
1190,ham
1191,ham
1192,ham
1193,ham
1194,ham
1195,ham
1196,ham
1197,ham
1198,ham
1199,ham
1200,ham
1201,ham
1202,ham
1203,ham
1204,spam
1205,ham
1206,ham
1207,ham
1208,ham
1209,ham
1210,ham
1211,ham
1212,ham
1213,ham
1214,spam
1215,ham
1216,ham
1217,ham
1218,ham
1219,ham
1220,ham
1221,ham
1222,ham
1223,spam
1224,spam
1225,ham
1226,ham
1227,ham
1228,ham
1229,ham
1230,spam
1231,ham
1232,ham
1233,ham
1234,spam
1235,ham
1236,ham
1237,ham
1238,spam
1239,ham
1240,spam
1241,spam
1242,ham
1243,spam
1244,ham
1245,ham
1246,ham
1247,ham
1248,spam
1249,ham
1250,spam
1251,ham
1252,ham
1253,ham
1254,ham
1255,ham
1256,ham
1257,spam
1258,ham
1259,ham
1260,spam
1261,ham
1262,ham
1263,ham
1264,ham
1265,ham
1266,spam
1267,spam
1268,ham
1269,ham
1270,ham
1271,ham
1272,ham
1273,ham
1274,ham
1275,ham
1276,spam
1277,ham
1278,ham
1279,spam
1280,ham
1281,ham
1282,spam
1283,ham
1284,ham
1285,ham
1286,ham
1287,ham
1288,ham
1289,spam
1290,ham
1291,ham
1292,ham
1293,ham
1294,spam
1295,ham
1296,ham
1297,ham
1298,ham
1299,ham
1300,ham
1301,ham
1302,ham
1303,ham
1304,ham
1305,ham
1306,ham
1307,ham
1308,ham
1309,ham
1310,ham
1311,spam
1312,ham
1313,ham
1314,ham
1315,ham
1316,ham
1317,ham
1318,ham
1319,ham
1320,spam
1321,ham
1322,spam
1323,ham
1324,ham
1325,ham
1326,spam
1327,ham
1328,ham
1329,spam
1330,ham
1331,ham
1332,ham
1333,ham
1334,ham
1335,ham
1336,ham
1337,ham
1338,ham
1339,ham
1340,ham
1341,ham
1342,ham
1343,ham
1344,ham
1345,spam
1346,ham
1347,ham
1348,ham
1349,ham
1350,ham
1351,ham
1352,ham
1353,ham
1354,spam
1355,ham
1356,ham
1357,ham
1358,spam
1359,ham
1360,ham
1361,ham
1362,ham
1363,ham
1364,ham
1365,ham
1366,ham
1367,ham
1368,ham
1369,spam
1370,ham
1371,ham
1372,ham
1373,spam
1374,ham
1375,ham
1376,ham
1377,spam
1378,ham
1379,ham
1380,ham
1381,ham
1382,ham
1383,ham
1384,ham
1385,ham
1386,ham
1387,ham
1388,ham
1389,spam
1390,ham
1391,ham
1392,ham
1393,ham
1394,ham
1395,ham
1396,ham
1397,ham
1398,ham
1399,ham
1400,ham
1401,ham
1402,ham
1403,spam
1404,spam
1405,spam
1406,ham
1407,ham
1408,ham
1409,ham
1410,ham
1411,ham
1412,ham
1413,spam
1414,ham
1415,ham
1416,ham
1417,ham
1418,ham
1419,ham
1420,ham
1421,ham
1422,ham
1423,ham
1424,ham
1425,ham
1426,ham
1427,ham
1428,ham
1429,ham
1430,ham
1431,spam
1432,ham
1433,ham
1434,ham
1435,ham
1436,spam
1437,ham
1438,ham
1439,ham
1440,ham
1441,ham
1442,spam
1443,ham
1444,ham
1445,ham
1446,ham
1447,spam
1448,ham
1449,ham
1450,ham
1451,ham
1452,ham
1453,ham
1454,ham
1455,ham
1456,ham
1457,ham
1458,ham
1459,ham
1460,ham
1461,ham
1462,ham
1463,ham
1464,ham
1465,spam
1466,ham
1467,spam
1468,spam
1469,ham
1470,ham
1471,ham
1472,ham
1473,ham
1474,ham
1475,spam
1476,spam
1477,ham
1478,ham
1479,spam
1480,ham
1481,ham
1482,ham
1483,ham
1484,ham
1485,ham
1486,spam
1487,ham
1488,ham
1489,ham
1490,ham
1491,ham
1492,ham
1493,ham
1494,ham
1495,ham
1496,ham
1497,ham
1498,spam
1499,ham
1500,ham
1501,ham
1502,ham
1503,ham
1504,ham
1505,ham
1506,spam
1507,ham
1508,ham
1509,ham
1510,ham
1511,ham
1512,ham
1513,ham
1514,ham
1515,ham
1516,spam
1517,ham
1518,ham
1519,ham
1520,ham
1521,ham
1522,ham
1523,ham
1524,spam
1525,ham
1526,spam
1527,ham
1528,ham
1529,spam
1530,spam
1531,ham
1532,ham
1533,ham
1534,ham
1535,ham
1536,ham
1537,ham
1538,ham
1539,spam
1540,ham
1541,spam
1542,ham
1543,ham
1544,ham
1545,ham
1546,ham
1547,ham
1548,ham
1549,spam
1550,ham
1551,ham
1552,ham
1553,ham
1554,ham
1555,ham
1556,spam
1557,ham
1558,ham
1559,ham
1560,ham
1561,ham
1562,ham
1563,ham
1564,ham
1565,ham
1566,ham
1567,ham
1568,ham
1569,ham
1570,ham
1571,spam
1572,spam
1573,ham
1574,ham
1575,ham
1576,spam
1577,ham
1578,ham
1579,ham
1580,ham
1581,spam
1582,ham
1583,ham
1584,ham
1585,ham
1586,ham
1587,ham
1588,ham
1589,ham
1590,ham
1591,ham
1592,ham
1593,ham
1594,ham
1595,ham
1596,ham
1597,ham
1598,ham
1599,ham
1600,ham
1601,ham
1602,ham
1603,ham
1604,spam
1605,ham
1606,spam
1607,ham
1608,spam
1609,ham
1610,spam
1611,ham
1612,ham
1613,ham
1614,ham
1615,ham
1616,ham
1617,ham
1618,spam
1619,ham
1620,ham
1621,spam
1622,ham
1623,ham
1624,ham
1625,spam
1626,spam
1627,ham
1628,spam
1629,spam
1630,ham
1631,spam
1632,ham
1633,ham
1634,spam
1635,ham
1636,ham
1637,ham
1638,ham
1639,ham
1640,ham
1641,ham
1642,ham
1643,ham
1644,ham
1645,ham
1646,spam
1647,spam
1648,ham
1649,spam
1650,ham
1651,ham
1652,ham
1653,ham
1654,ham
1655,ham
1656,spam
1657,ham
1658,spam
1659,ham
1660,ham
1661,ham
1662,ham
1663,ham
1664,ham
1665,ham
1666,ham
1667,ham
1668,spam
1669,spam
1670,ham
1671,ham
1672,spam
1673,ham
1674,ham
1675,ham
1676,ham
1677,ham
1678,ham
1679,ham
1680,ham
1681,ham
1682,ham
1683,ham
1684,ham
1685,ham
1686,ham
1687,ham
1688,ham
1689,ham
1690,ham
1691,ham
1692,spam
1693,ham
1694,ham
1695,ham
1696,ham
1697,spam
1698,ham
1699,ham
1700,spam
1701,ham
1702,ham
1703,ham
1704,ham
1705,ham
1706,ham
1707,ham
1708,ham
1709,ham
1710,spam
1711,ham
1712,ham
1713,ham
1714,ham
1715,ham
1716,ham
1717,ham
1718,ham
1719,ham
1720,ham
1721,ham
1722,ham
1723,spam
1724,ham
1725,ham
1726,ham
1727,ham
1728,spam
1729,ham
1730,ham
1731,spam
1732,ham
1733,ham
1734,ham
1735,spam
1736,ham
1737,ham
1738,ham
1739,ham
1740,ham
1741,ham
1742,spam
1743,ham
1744,spam
1745,ham
1746,ham
1747,ham
1748,ham
1749,ham
1750,ham
1751,spam
1752,ham
1753,ham
1754,ham
1755,ham
1756,ham
1757,ham
1758,ham
1759,ham
1760,ham
1761,ham
1762,ham
1763,ham
1764,spam
1765,ham
1766,ham
1767,ham
1768,ham
1769,ham
1770,ham
1771,spam
1772,spam
1773,ham
1774,ham
1775,ham
1776,ham
1777,ham
1778,ham
1779,ham
1780,spam
1781,ham
1782,spam
1783,ham
1784,ham
1785,spam
1786,ham
1787,ham
1788,spam
1789,ham
1790,ham
1791,ham
1792,ham
1793,spam
1794,ham
1795,ham
1796,ham
1797,ham
1798,ham
1799,spam
1800,ham
1801,ham
1802,ham
1803,spam
1804,ham
1805,ham
1806,ham
1807,ham
1808,ham
1809,spam
1810,ham
1811,ham
1812,spam
1813,ham
1814,ham
1815,ham
1816,ham
1817,spam
1818,ham
1819,spam
1820,spam
1821,ham
1822,ham
1823,ham
1824,spam
1825,spam
1826,ham
1827,ham
1828,ham
1829,ham
1830,spam
1831,ham
1832,ham
1833,ham
1834,ham
1835,ham
1836,ham
1837,spam
1838,spam
1839,ham
1840,ham
1841,ham
1842,ham
1843,spam
1844,ham
1845,ham
1846,ham
1847,ham
1848,ham
1849,ham
1850,ham
1851,ham
1852,ham
1853,ham
1854,spam
1855,ham
1856,ham
1857,ham
1858,ham
1859,spam
1860,ham
1861,ham
1862,ham
1863,spam
1864,ham
1865,ham
1866,ham
1867,spam
1868,ham
1869,ham
1870,ham
1871,ham
1872,ham
1873,ham
1874,ham
1875,ham
1876,ham
1877,ham
1878,ham
1879,spam
1880,ham
1881,ham
1882,ham
1883,ham
1884,ham
1885,ham
1886,ham
1887,spam
1888,spam
1889,spam
1890,ham
1891,ham
1892,ham
1893,spam
1894,ham
1895,ham
1896,spam
1897,spam
1898,spam
1899,ham
1900,spam
1901,spam
1902,ham
1903,ham
1904,ham
1905,ham
1906,spam
1907,spam
1908,spam
1909,ham
1910,ham
1911,spam
1912,ham
1913,ham
1914,spam
1915,ham
1916,ham
1917,ham
1918,ham
1919,ham
1920,ham
1921,ham
1922,ham
1923,ham
1924,ham
1925,ham
1926,ham
1927,ham
1928,ham
1929,ham
1930,spam
1931,ham
1932,ham
1933,ham
1934,ham
1935,ham
1936,ham
1937,ham
1938,ham
1939,ham
1940,spam
1941,ham
1942,ham
1943,ham
1944,ham
1945,ham
1946,ham
1947,ham
1948,ham
1949,ham
1950,ham
1951,ham
1952,spam
1953,spam
1954,ham
1955,ham
1956,spam
1957,ham
1958,ham
1959,ham
1960,ham
1961,spam
1962,ham
1963,spam
1964,ham
1965,ham
1966,ham
1967,ham
1968,ham
1969,spam
1970,ham
1971,ham
1972,ham
1973,spam
1974,ham
1975,ham
1976,ham
1977,ham
1978,ham
1979,ham
1980,ham
1981,spam
1982,spam
1983,ham
1984,ham
1985,ham
1986,ham
1987,ham
1988,ham
1989,spam
1990,spam
1991,ham
1992,ham
1993,ham
1994,ham
1995,ham
1996,ham
1997,ham
1998,ham
1999,ham
2000,spam
2001,ham
2002,ham
2003,spam
2004,ham
2005,ham
2006,ham
2007,ham
2008,ham
2009,ham
2010,ham
2011,ham
2012,ham
2013,ham
2014,ham
2015,ham
2016,ham
2017,ham
2018,spam
2019,spam
2020,spam
2021,spam
2022,ham
2023,ham
2024,spam
2025,ham
2026,ham
2027,spam
2028,spam
2029,ham
2030,ham
2031,ham
2032,ham
2033,spam
2034,ham
2035,ham
2036,ham
2037,ham
2038,ham
2039,ham
2040,spam
2041,ham
2042,ham
2043,ham
2044,ham
2045,spam
2046,ham
2047,ham
2048,ham
2049,spam
2050,ham
2051,spam
2052,spam
2053,ham
2054,ham
2055,ham
2056,ham
2057,ham
2058,ham
2059,ham
2060,spam
2061,spam
2062,ham
2063,ham
2064,ham
2065,ham
2066,ham
2067,ham
2068,ham
2069,ham
2070,spam
2071,ham
2072,ham
2073,ham
2074,ham
2075,ham
2076,ham
2077,ham
2078,ham
2079,ham
2080,ham
2081,ham
2082,ham
2083,ham
2084,ham
2085,ham
2086,ham
2087,ham
2088,ham
2089,ham
2090,ham
2091,spam
2092,spam
2093,ham
2094,ham
2095,ham
2096,ham
2097,ham
2098,ham
2099,ham
2100,ham
2101,spam
2102,spam
2103,ham
2104,ham
2105,ham
2106,ham
2107,ham
2108,spam
2109,ham
2110,ham
2111,ham
2112,spam
2113,spam
2114,ham
2115,ham
2116,ham
2117,ham
2118,ham
2119,ham
2120,ham
2121,ham
2122,spam
2123,ham
2124,ham
2125,ham
2126,ham
2127,ham
2128,spam
2129,ham
2130,spam
2131,ham
2132,ham
2133,ham
2134,ham
2135,ham
2136,ham
2137,ham
2138,ham
2139,spam
2140,ham
2141,ham
2142,ham
2143,spam
2144,ham
2145,spam
2146,ham
2147,spam
2148,ham
2149,ham
2150,ham
2151,spam
2152,ham
2153,spam
2154,ham
2155,ham
2156,ham
2157,ham
2158,ham
2159,ham
2160,ham
2161,ham
2162,ham
2163,ham
2164,ham
2165,spam
2166,ham
2167,spam
2168,ham
2169,ham
2170,spam
2171,ham
2172,ham
2173,ham
2174,ham
2175,ham
2176,spam
2177,ham
2178,ham
2179,ham
2180,ham
2181,ham
2182,ham
2183,spam
2184,ham
2185,ham
2186,ham
2187,ham
2188,ham
2189,ham
2190,ham
2191,ham
2192,ham
2193,spam
2194,ham
2195,ham
2196,ham
2197,ham
2198,ham
2199,ham
2200,ham
2201,ham
2202,ham
2203,ham
2204,spam
2205,ham
2206,ham
2207,ham
2208,ham
2209,ham
2210,ham
2211,ham
2212,ham
2213,ham
2214,ham
2215,ham
2216,ham
2217,ham
2218,ham
2219,ham
2220,ham
2221,ham
2222,ham
2223,ham
2224,ham
2225,ham
2226,ham
2227,ham
2228,spam
2229,ham
2230,ham
2231,ham
2232,ham
2233,ham
2234,ham
2235,ham
2236,ham
2237,ham
2238,ham
2239,spam
2240,ham
2241,ham
2242,ham
2243,ham
2244,spam
2245,ham
2246,ham
2247,ham
2248,ham
2249,ham
2250,ham
2251,ham
2252,ham
2253,ham
2254,ham
2255,ham
2256,ham
2257,ham
2258,ham
2259,ham
2260,ham
2261,spam
2262,spam
2263,spam
2264,ham
2265,ham
2266,ham
2267,ham
2268,ham
2269,ham
2270,ham
2271,ham
2272,spam
2273,spam
2274,ham
2275,ham
2276,ham
2277,spam
2278,ham
2279,ham
2280,spam
2281,ham
2282,ham
2283,spam
2284,ham
2285,ham
2286,spam
2287,ham
2288,spam
2289,ham
2290,spam
2291,ham
2292,ham
2293,ham
2294,ham
2295,ham
2296,ham
2297,ham
2298,ham
2299,ham
2300,ham
2301,spam
2302,ham
2303,ham
2304,ham
2305,ham
2306,spam
2307,ham
2308,ham
2309,ham
2310,spam
2311,ham
2312,ham
2313,ham
2314,ham
2315,spam
2316,spam
2317,ham
2318,spam
2319,spam
2320,ham
2321,ham
2322,ham
2323,ham
2324,ham
2325,ham
2326,ham
2327,ham
2328,ham
2329,ham
2330,spam
2331,ham
2332,ham
2333,ham
2334,ham
2335,ham
2336,ham
2337,ham
2338,ham
2339,spam
2340,ham
2341,ham
2342,ham
2343,ham
2344,ham
2345,ham
2346,ham
2347,ham
2348,ham
2349,ham
2350,ham
2351,ham
2352,ham
2353,ham
2354,ham
2355,ham
2356,ham
2357,ham
2358,ham
2359,ham
2360,ham
2361,ham
2362,spam
2363,spam
2364,ham
2365,ham
2366,ham
2367,spam
2368,spam
2369,spam
2370,spam
2371,ham
2372,ham
2373,ham
2374,ham
2375,ham
2376,ham
2377,spam
2378,spam
2379,ham
2380,ham
2381,spam
2382,ham
2383,ham
2384,ham
2385,ham
2386,ham
2387,ham
2388,ham
2389,ham
2390,ham
2391,ham
2392,ham
2393,ham
2394,ham
2395,ham
2396,ham
2397,ham
2398,ham
2399,ham
2400,ham
2401,ham
2402,ham
2403,ham
2404,ham
2405,ham
2406,ham
2407,ham
2408,ham
2409,ham
2410,spam
2411,ham
2412,ham
2413,ham
2414,ham
2415,ham
2416,spam
2417,ham
2418,ham
2419,ham
2420,ham
2421,ham
2422,ham
2423,ham
2424,ham
2425,ham
2426,ham
2427,ham
2428,spam
2429,ham
2430,ham
2431,ham
2432,ham
2433,ham
2434,ham
2435,ham
2436,spam
2437,ham
2438,ham
2439,ham
2440,ham
2441,ham
2442,ham
2443,ham
2444,spam
2445,ham
2446,spam
2447,ham
2448,spam
2449,ham
2450,ham
2451,spam
2452,ham
2453,ham
2454,ham
2455,ham
2456,ham
2457,ham
2458,ham
2459,ham
2460,ham
2461,spam
2462,spam
2463,ham
2464,ham
2465,ham
2466,ham
2467,ham
2468,spam
2469,ham
2470,ham
2471,spam
2472,ham
2473,ham
2474,ham
2475,ham
2476,ham
2477,ham
2478,ham
2479,ham
2480,ham
2481,ham
2482,spam
2483,ham
2484,ham
2485,ham
2486,ham
2487,ham
2488,ham
2489,ham
2490,ham
2491,spam
2492,ham
2493,ham
2494,ham
2495,ham
2496,ham
2497,ham
2498,ham
2499,ham
2500,ham
2501,ham
2502,ham
2503,spam
2504,ham
2505,spam
2506,ham
2507,ham
2508,spam
2509,ham
2510,ham
2511,ham
2512,ham
2513,ham
2514,ham
2515,spam
2516,spam
2517,ham
2518,ham
2519,ham
2520,spam
2521,ham
2522,ham
2523,ham
2524,ham
2525,ham
2526,ham
2527,ham
2528,ham
2529,ham
2530,ham
2531,ham
2532,ham
2533,ham
2534,ham
2535,spam
2536,ham
2537,ham
2538,ham
2539,ham
2540,spam
2541,ham
2542,ham
2543,ham
2544,ham
2545,ham
2546,ham
2547,ham
2548,spam
2549,ham
2550,ham
2551,ham
2552,ham
2553,spam
2554,ham
2555,ham
2556,ham
2557,ham
2558,ham
2559,ham
2560,ham
2561,ham
2562,ham
2563,ham
2564,ham
2565,ham
2566,ham
2567,ham
2568,spam
2569,ham
2570,ham
2571,ham
2572,ham
2573,ham
2574,ham
2575,spam
2576,ham
2577,spam
2578,spam
2579,ham
2580,ham
2581,ham
2582,ham
2583,ham
2584,ham
2585,ham
2586,spam
2587,ham
2588,ham
2589,spam
2590,ham
2591,spam
2592,ham
2593,ham
2594,ham
2595,ham
2596,ham
2597,spam
2598,spam
2599,ham
2600,ham
2601,ham
2602,ham
2603,ham
2604,spam
2605,ham
2606,ham
2607,ham
2608,spam
2609,ham
2610,ham
2611,ham
2612,ham
2613,ham
2614,ham
2615,ham
2616,ham
2617,ham
2618,ham
2619,ham
2620,spam
2621,ham
2622,ham
2623,spam
2624,ham
2625,ham
2626,ham
2627,spam
2628,ham
2629,ham
2630,spam
2631,ham
2632,ham
2633,ham
2634,ham
2635,ham
2636,ham
2637,ham
2638,spam
2639,spam
2640,spam
2641,ham
2642,spam
2643,ham
2644,ham
2645,ham
2646,ham
2647,ham
2648,ham
2649,ham
2650,ham
2651,spam
2652,ham
2653,ham
2654,ham
2655,ham
2656,ham
2657,ham
2658,spam
2659,ham
2660,ham
2661,ham
2662,ham
2663,spam
2664,spam
2665,spam
2666,ham
2667,ham
2668,ham
2669,ham
2670,ham
2671,ham
2672,ham
2673,ham
2674,ham
2675,spam
2676,ham
2677,ham
2678,ham
2679,ham
2680,ham
2681,spam
2682,ham
2683,ham
2684,ham
2685,ham
2686,ham
2687,ham
2688,ham
2689,ham
2690,ham
2691,spam
2692,spam
2693,ham
2694,spam
2695,ham
2696,spam
2697,ham
2698,ham
2699,ham
2700,ham
2701,ham
2702,ham
2703,spam
2704,ham
2705,ham
2706,ham
2707,ham
2708,ham
2709,ham
2710,ham
2711,ham
2712,ham
2713,ham
2714,ham
2715,spam
2716,ham
2717,spam
2718,ham
2719,ham
2720,ham
2721,ham
2722,ham
2723,ham
2724,ham
2725,ham
2726,spam
2727,ham
2728,ham
2729,spam
2730,ham
2731,ham
2732,ham
2733,ham
2734,ham
2735,ham
2736,spam
2737,ham
2738,spam
2739,spam
2740,ham
2741,ham
2742,ham
2743,ham
2744,ham
2745,ham
2746,ham
2747,ham
2748,spam
2749,ham
2750,ham
2751,ham
2752,ham
2753,ham
2754,ham
2755,ham
2756,ham
2757,ham
2758,ham
2759,ham
2760,ham
2761,ham
2762,ham
2763,ham
2764,ham
2765,ham
2766,ham
2767,ham
2768,ham
2769,ham
2770,ham
2771,ham
2772,ham
2773,ham
2774,ham
2775,ham
2776,ham
2777,ham
2778,ham
2779,ham
2780,ham
2781,ham
2782,ham
2783,ham
2784,ham
2785,ham
2786,ham
2787,ham
2788,spam
2789,spam
2790,ham
2791,ham
2792,spam
2793,ham
2794,spam
2795,ham
2796,ham
2797,spam
2798,ham
2799,spam
2800,ham
2801,ham
2802,spam
2803,ham
2804,spam
2805,ham
2806,ham
2807,ham
2808,spam
2809,ham
2810,ham
2811,ham
2812,ham
2813,spam
2814,ham
2815,ham
2816,ham
2817,ham
2818,ham
2819,ham
2820,ham
2821,spam
2822,spam
2823,ham
2824,ham
2825,ham
2826,ham
2827,ham
2828,ham
2829,ham
2830,ham
2831,ham
2832,spam
2833,ham
2834,ham
2835,ham
2836,ham
2837,ham
2838,ham
2839,ham
2840,ham
2841,ham
2842,ham
2843,ham
2844,ham
2845,ham
2846,ham
2847,ham
2848,spam
2849,ham
2850,ham
2851,ham
2852,ham
2853,ham
2854,ham
2855,ham
2856,ham
2857,ham
2858,ham
2859,ham
2860,ham
2861,ham
2862,ham
2863,spam
2864,spam
2865,ham
2866,spam
2867,ham
2868,ham
2869,ham
2870,ham
2871,spam
2872,ham
2873,spam
2874,spam
2875,ham
2876,ham
2877,ham
2878,spam
2879,spam
2880,ham
2881,ham
2882,ham
2883,ham
2884,ham
2885,ham
2886,ham
2887,ham
2888,ham
2889,ham
2890,ham
2891,ham
2892,ham
2893,ham
2894,ham
2895,ham
2896,ham
2897,ham
2898,ham
2899,spam
2900,ham
2901,ham
2902,ham
2903,ham
2904,spam
2905,ham
2906,ham
2907,ham
2908,ham
2909,spam
2910,ham
2911,ham
2912,spam
2913,ham
2914,spam
2915,ham
2916,ham
2917,spam
2918,spam
2919,ham
2920,ham
2921,spam
2922,ham
2923,ham
2924,ham
2925,ham
2926,ham
2927,spam
2928,ham
2929,spam
2930,ham
2931,ham
2932,ham
2933,ham
2934,spam
2935,ham
2936,ham
2937,ham
2938,ham
2939,ham
2940,ham
2941,spam
2942,ham
2943,ham
2944,ham
2945,ham
2946,ham
2947,ham
2948,ham
2949,spam
2950,ham
2951,ham
2952,ham
2953,spam
2954,ham
2955,spam
2956,ham
2957,spam
2958,ham
2959,ham
2960,ham
2961,spam
2962,ham
2963,ham
2964,ham
2965,ham
2966,ham
2967,ham
2968,spam
2969,ham
2970,ham
2971,ham
2972,ham
2973,ham
2974,spam
2975,spam
2976,ham
2977,ham
2978,ham
2979,ham
2980,ham
2981,ham
2982,ham
2983,ham
2984,spam
2985,ham
2986,ham
2987,spam
2988,ham
2989,ham
2990,spam
2991,ham
2992,ham
2993,spam
2994,ham
2995,ham
2996,ham
2997,ham
2998,ham
2999,ham
3000,ham
3001,ham
3002,ham
3003,ham
3004,spam
3005,ham
3006,ham
3007,ham
3008,ham
3009,spam
3010,ham
3011,ham
3012,ham
3013,ham
3014,ham
3015,spam
3016,ham
3017,spam
3018,ham
3019,ham
3020,spam
3021,spam
3022,ham
3023,ham
3024,spam
3025,spam
3026,ham
3027,ham
3028,ham
3029,spam
3030,spam
3031,ham
3032,ham
3033,ham
3034,ham
3035,ham
3036,ham
3037,ham
3038,ham
3039,spam
3040,spam
3041,ham
3042,ham
3043,ham
3044,ham
3045,ham
3046,ham
3047,ham
3048,ham
3049,ham
3050,spam
3051,ham
3052,ham
3053,spam
3054,ham
3055,ham
3056,ham
3057,ham
3058,ham
3059,ham
3060,ham
3061,ham
3062,ham
3063,ham
3064,ham
3065,ham
3066,ham
3067,spam
3068,ham
3069,ham
3070,ham
3071,spam
3072,ham
3073,ham
3074,ham
3075,ham
3076,ham
3077,ham
3078,ham
3079,ham
3080,ham
3081,ham
3082,ham
3083,ham
3084,ham
3085,ham
3086,ham
3087,ham
3088,ham
3089,spam
3090,spam
3091,ham
3092,ham
3093,ham
3094,ham
3095,spam
3096,ham
3097,ham
3098,ham
3099,ham
3100,ham
3101,ham
3102,ham
3103,ham
3104,ham
3105,ham
3106,spam
3107,ham
3108,ham
3109,spam
3110,ham
3111,ham
3112,spam
3113,spam
3114,ham
3115,ham
3116,ham
3117,ham
3118,ham
3119,ham
3120,ham
3121,ham
3122,spam
3123,ham
3124,ham
3125,ham
3126,spam
3127,ham
3128,ham
3129,ham
3130,ham
3131,ham
3132,ham
3133,ham
3134,ham
3135,ham
3136,ham
3137,ham
3138,ham
3139,ham
3140,ham
3141,spam
3142,ham
3143,ham
3144,ham
3145,ham
3146,ham
3147,spam
3148,ham
3149,ham
3150,spam
3151,ham
3152,ham
3153,ham
3154,ham
3155,ham
3156,ham
3157,ham
3158,ham
3159,spam
3160,spam
3161,ham
3162,ham
3163,ham
3164,ham
3165,ham
3166,ham
3167,ham
3168,ham
3169,spam
3170,ham
3171,ham
3172,ham
3173,ham
3174,spam
3175,ham
3176,ham
3177,ham
3178,ham
3179,ham
3180,spam
3181,ham
3182,ham
3183,ham
3184,ham
3185,spam
3186,ham
3187,ham
3188,ham
3189,ham
3190,ham
3191,ham
3192,ham
3193,ham
3194,ham
3195,ham
3196,ham
3197,ham
3198,ham
3199,ham
3200,spam
3201,ham
3202,ham
3203,ham
3204,ham
3205,spam
3206,ham
3207,ham
3208,ham
3209,spam
3210,ham
3211,ham
3212,ham
3213,ham
3214,ham
3215,ham
3216,ham
3217,ham
3218,ham
3219,ham
3220,ham
3221,ham
3222,ham
3223,ham
3224,ham
3225,ham
3226,spam
3227,ham
3228,ham
3229,ham
3230,spam
3231,ham
3232,ham
3233,ham
3234,ham
3235,ham
3236,ham
3237,ham
3238,ham
3239,ham
3240,ham
3241,ham
3242,ham
3243,ham
3244,spam
3245,ham
3246,ham
3247,ham
3248,ham
3249,ham
3250,spam
3251,ham
3252,ham
3253,ham
3254,ham
3255,ham
3256,spam
3257,spam
3258,ham
3259,ham
3260,ham
3261,ham
3262,ham
3263,ham
3264,spam
3265,ham
3266,spam
3267,spam
3268,ham
3269,ham
3270,ham
3271,ham
3272,ham
3273,ham
3274,ham
3275,ham
3276,ham
3277,ham
3278,ham
3279,ham
3280,ham
3281,ham
3282,ham
3283,spam
3284,ham
3285,ham
3286,ham
3287,ham
3288,spam
3289,spam
3290,ham
3291,spam
3292,ham
3293,spam
3294,ham
3295,ham
3296,ham
3297,ham
3298,ham
3299,ham
3300,ham
3301,ham
3302,ham
3303,spam
3304,ham
3305,ham
3306,ham
3307,ham
3308,spam
3309,ham
3310,ham
3311,ham
3312,ham
3313,ham
3314,ham
3315,ham
3316,ham
3317,ham
3318,ham
3319,ham
3320,ham
3321,spam
3322,ham
3323,spam
3324,ham
3325,ham
3326,ham
3327,ham
3328,ham
3329,ham
3330,ham
3331,ham
3332,ham
3333,ham
3334,ham
3335,ham
3336,ham
3337,spam
3338,ham
3339,ham
3340,ham
3341,spam
3342,spam
3343,ham
3344,spam
3345,ham
3346,ham
3347,spam
3348,ham
3349,ham
3350,ham
3351,ham
3352,ham
3353,spam
3354,spam
3355,ham
3356,ham
3357,spam
3358,ham
3359,ham
3360,ham
3361,ham
3362,ham
3363,ham
3364,ham
3365,ham
3366,spam
3367,ham
3368,ham
3369,ham
3370,spam
3371,ham
3372,ham
3373,ham
3374,ham
3375,spam
3376,ham
3377,ham
3378,spam
3379,ham
3380,spam
3381,ham
3382,ham
3383,spam
3384,ham
3385,ham
3386,ham
3387,ham
3388,ham
3389,ham
3390,ham
3391,ham
3392,spam
3393,spam
3394,ham
3395,ham
3396,ham
3397,ham
3398,ham
3399,ham
3400,ham
3401,ham
3402,ham
3403,ham
3404,ham
3405,ham
3406,spam
3407,ham
3408,ham
3409,ham
3410,ham
3411,ham
3412,spam
3413,ham
3414,spam
3415,ham
3416,ham
3417,ham
3418,ham
3419,ham
3420,ham
3421,ham
3422,ham
3423,ham
3424,ham
3425,spam
3426,spam
3427,ham
3428,spam
3429,ham
3430,ham
3431,spam
3432,ham
3433,ham
3434,ham
3435,ham
3436,ham
3437,ham
3438,ham
3439,ham
3440,ham
3441,ham
3442,ham
3443,ham
3444,spam
3445,ham
3446,ham
3447,ham
3448,ham
3449,ham
3450,ham
3451,spam
3452,ham
3453,ham
3454,ham
3455,ham
3456,ham
3457,spam
3458,ham
3459,spam
3460,ham
3461,ham
3462,ham
3463,ham
3464,ham
3465,ham
3466,ham
3467,spam
3468,ham
3469,spam
3470,ham
3471,spam
3472,ham
3473,ham
3474,ham
3475,ham
3476,ham
3477,spam
3478,ham
3479,ham
3480,ham
3481,spam
3482,ham
3483,ham
3484,ham
3485,spam
3486,spam
3487,ham
3488,ham
3489,ham
3490,ham
3491,spam
3492,ham
3493,ham
3494,ham
3495,ham
3496,ham
3497,spam
3498,spam
3499,spam
3500,ham
3501,ham
3502,ham
3503,ham
3504,ham
3505,ham
3506,spam
3507,ham
3508,spam
3509,ham
3510,spam
3511,ham
3512,ham
3513,ham
3514,ham
3515,ham
3516,ham
3517,spam
3518,ham
3519,ham
3520,spam
3521,ham
3522,ham
3523,ham
3524,ham
3525,spam
3526,ham
3527,ham
3528,ham
3529,ham
3530,ham
3531,spam
3532,ham
3533,ham
3534,ham
3535,ham
3536,ham
3537,ham
3538,ham
3539,ham
3540,ham
3541,ham
3542,spam
3543,ham
3544,ham
3545,spam
3546,spam
3547,ham
3548,ham
3549,ham
3550,spam
3551,ham
3552,ham
3553,ham
3554,ham
3555,ham
3556,ham
3557,ham
3558,ham
3559,ham
3560,spam
3561,ham
3562,ham
3563,ham
3564,ham
3565,ham
3566,spam
3567,ham
3568,ham
3569,ham
3570,ham
3571,spam
3572,ham
3573,ham
3574,ham
3575,ham
3576,ham
3577,ham
3578,ham
3579,ham
3580,spam
3581,ham
3582,ham
3583,ham
3584,ham
3585,ham
3586,ham
3587,ham
3588,ham
3589,ham
3590,ham
3591,ham
3592,ham
3593,ham
3594,ham
3595,ham
3596,spam
3597,ham
3598,ham
3599,ham
3600,ham
3601,ham
3602,ham
3603,ham
3604,ham
3605,ham
3606,ham
3607,spam
3608,ham
3609,ham
3610,ham
3611,ham
3612,ham
3613,ham
3614,ham
3615,ham
3616,ham
3617,ham
3618,ham
3619,ham
3620,spam
3621,ham
3622,ham
3623,spam
3624,ham
3625,ham
3626,ham
3627,ham
3628,ham
3629,ham
3630,ham
3631,ham
3632,ham
3633,ham
3634,ham
3635,ham
3636,ham
3637,ham
3638,ham
3639,ham
3640,ham
3641,ham
3642,ham
3643,ham
3644,ham
3645,ham
3646,spam
3647,ham
3648,ham
3649,ham
3650,spam
3651,ham
3652,ham
3653,ham
3654,ham
3655,spam
3656,ham
3657,ham
3658,ham
3659,ham
3660,ham
3661,ham
3662,ham
3663,ham
3664,spam
3665,spam
3666,spam
3667,ham
3668,ham
3669,ham
3670,ham
3671,ham
3672,ham
3673,ham
3674,ham
3675,ham
3676,ham
3677,ham
3678,spam
3679,ham
3680,ham
3681,ham
3682,ham
3683,ham
3684,spam
3685,ham
3686,spam
3687,ham
3688,ham
3689,spam
3690,ham
3691,ham
3692,ham
3693,ham
3694,ham
3695,ham
3696,ham
3697,spam
3698,ham
3699,spam
3700,ham
3701,ham
3702,ham
3703,ham
3704,spam
3705,ham
3706,ham
3707,ham
3708,ham
3709,ham
3710,ham
3711,ham
3712,spam
3713,ham
3714,ham
3715,ham
3716,ham
3717,ham
3718,ham
3719,ham
3720,ham
3721,ham
3722,ham
3723,ham
3724,ham
3725,spam
3726,ham
3727,ham
3728,ham
3729,spam
3730,ham
3731,spam
3732,ham
3733,ham
3734,ham
3735,ham
3736,ham
3737,ham
3738,ham
3739,spam
3740,ham
3741,spam
3742,spam
3743,spam
3744,ham
3745,spam
3746,ham
3747,ham
3748,ham
3749,ham
3750,ham
3751,ham
3752,spam
3753,ham
3754,ham
3755,ham
3756,ham
3757,ham
3758,ham
3759,ham
3760,ham
3761,ham
3762,ham
3763,ham
3764,ham
3765,ham
3766,ham
3767,ham
3768,ham
3769,ham
3770,ham
3771,spam
3772,ham
3773,ham
3774,ham
3775,ham
3776,ham
3777,ham
3778,ham
3779,ham
3780,ham
3781,ham
3782,spam
3783,ham
3784,ham
3785,spam
3786,ham
3787,ham
3788,spam
3789,spam
3790,ham
3791,ham
3792,ham
3793,ham
3794,spam
3795,spam
3796,ham
3797,ham
3798,ham
3799,ham
3800,ham
3801,ham
3802,ham
3803,ham
3804,ham
3805,ham
3806,spam
3807,ham
3808,ham
3809,ham
3810,ham
3811,ham
3812,ham
3813,ham
3814,ham
3815,spam
3816,ham
3817,spam
3818,ham
3819,ham
3820,ham
3821,spam
3822,ham
3823,ham
3824,ham
3825,ham
3826,ham
3827,ham
3828,ham
3829,ham
3830,ham
3831,ham
3832,ham
3833,ham
3834,ham
3835,ham
3836,ham
3837,ham
3838,ham
3839,ham
3840,spam
3841,spam
3842,spam
3843,spam
3844,ham
3845,ham
3846,ham
3847,ham
3848,spam
3849,ham
3850,ham
3851,ham
3852,spam
3853,ham
3854,spam
3855,ham
3856,ham
3857,ham
3858,ham
3859,ham
3860,ham
3861,ham
3862,ham
3863,ham
3864,ham
3865,ham
3866,ham
3867,spam
3868,spam
3869,ham
3870,ham
3871,ham
3872,spam
3873,spam
3874,ham
3875,ham
3876,ham
3877,ham
3878,ham
3879,spam
3880,ham
3881,ham
3882,ham
3883,spam
3884,spam
3885,ham
3886,spam
3887,ham
3888,ham
3889,ham
3890,spam
3891,spam
3892,ham
3893,ham
3894,ham
3895,ham
3896,ham
3897,ham
3898,ham
3899,ham
3900,ham
3901,ham
3902,ham
3903,ham
3904,ham
3905,ham
3906,ham
3907,ham
3908,spam
3909,ham
3910,ham
3911,spam
3912,ham
3913,ham
3914,ham
3915,ham
3916,spam
3917,ham
3918,ham
3919,ham
3920,ham
3921,ham
3922,ham
3923,spam
3924,ham
3925,ham
3926,spam
3927,spam
3928,ham
3929,ham
3930,ham
3931,ham
3932,spam
3933,ham
3934,ham
3935,ham
3936,spam
3937,ham
3938,ham
3939,ham
3940,ham
3941,spam
3942,ham
3943,ham
3944,spam
3945,ham
3946,ham
3947,spam
3948,ham
3949,spam
3950,ham
3951,ham
3952,ham
3953,ham
3954,ham
3955,spam
3956,ham
3957,spam
3958,spam
3959,spam
3960,spam
3961,ham
3962,spam
3963,ham
3964,ham
3965,ham
3966,ham
3967,ham
3968,spam
3969,spam
3970,ham
3971,ham
3972,ham
3973,spam
3974,ham
3975,ham
3976,ham
3977,ham
3978,ham
3979,ham
3980,spam
3981,ham
3982,ham
3983,ham
3984,ham
3985,ham
3986,ham
3987,ham
3988,spam
3989,ham
3990,spam
3991,ham
3992,ham
3993,ham
3994,ham
3995,ham
3996,spam
3997,ham
3998,ham
3999,spam
4000,ham
4001,ham
4002,ham
4003,ham
4004,ham
4005,ham
4006,ham
4007,ham
4008,ham
4009,ham
4010,ham
4011,ham
4012,ham
4013,ham
4014,ham
4015,ham
4016,ham
4017,ham
4018,ham
4019,ham
4020,ham
4021,ham
4022,ham
4023,ham
4024,ham
4025,spam
4026,ham
4027,ham
4028,ham
4029,ham
4030,ham
4031,ham
4032,spam
4033,spam
4034,spam
4035,spam
4036,ham
4037,spam
4038,ham
4039,ham
4040,ham
4041,ham
4042,ham
4043,ham
4044,ham
4045,ham
4046,spam
4047,ham
4048,spam
4049,ham
4050,ham
4051,ham
4052,spam
4053,ham
4054,ham
4055,ham
4056,ham
4057,ham
4058,ham
4059,ham
4060,spam
4061,spam
4062,spam
4063,ham
4064,ham
4065,ham
4066,spam
4067,ham
4068,ham
4069,spam
4070,ham
4071,spam
4072,ham
4073,ham
4074,spam
4075,ham
4076,ham
4077,spam
4078,ham
4079,ham
4080,ham
4081,ham
4082,ham
4083,ham
4084,ham
4085,ham
4086,spam
4087,ham
4088,ham
4089,ham
4090,ham
4091,ham
4092,ham
4093,spam
4094,spam
4095,ham
4096,ham
4097,spam
4098,ham
4099,ham
4100,ham
4101,ham
4102,ham
4103,ham
4104,spam
4105,ham
4106,ham
4107,ham
4108,ham
4109,ham
4110,ham
4111,ham
4112,ham
4113,ham
4114,ham
4115,ham
4116,ham
4117,spam
4118,ham
4119,spam
4120,ham
4121,ham
4122,spam
4123,ham
4124,spam
4125,ham
4126,ham
4127,ham
4128,ham
4129,ham
4130,ham
4131,spam
4132,ham
4133,spam
4134,ham
4135,ham
4136,spam
4137,ham
4138,ham
4139,spam
4140,spam
4141,ham
4142,spam
4143,ham
4144,ham
4145,ham
4146,ham
4147,spam
4148,ham
4149,ham
4150,ham
4151,ham
4152,ham
4153,ham
4154,ham
4155,ham
4156,spam
4157,ham
4158,ham
4159,spam
4160,ham
4161,ham
4162,ham
4163,ham
4164,ham
4165,spam
4166,spam
4167,ham
4168,ham
4169,ham
4170,ham
4171,ham
4172,ham
4173,ham
4174,ham
4175,spam
4176,ham
4177,ham
4178,spam
4179,ham
4180,ham
4181,spam
4182,spam
4183,ham
4184,ham
4185,ham
4186,ham
4187,ham
4188,ham
4189,ham
4190,ham
4191,ham
4192,ham
4193,spam
4194,spam
4195,ham
4196,ham
4197,ham
4198,ham
4199,ham
4200,ham
4201,ham
4202,ham
4203,ham
4204,ham
4205,ham
4206,ham
4207,spam
4208,ham
4209,ham
4210,ham
4211,spam
4212,ham
4213,ham
4214,ham
4215,ham
4216,spam
4217,ham
4218,spam
4219,ham
4220,ham
4221,spam
4222,ham
4223,ham
4224,spam
4225,ham
4226,ham
4227,ham
4228,ham
4229,spam
4230,ham
4231,spam
4232,ham
4233,ham
4234,ham
4235,ham
4236,ham
4237,ham
4238,ham
4239,spam
4240,ham
4241,ham
4242,ham
4243,ham
4244,ham
4245,ham
4246,spam
4247,ham
4248,ham
4249,ham
4250,ham
4251,ham
4252,ham
4253,ham
4254,ham
4255,ham
4256,ham
4257,spam
4258,ham
4259,spam
4260,spam
4261,ham
4262,ham
4263,spam
4264,ham
4265,spam
4266,ham
4267,ham
4268,ham
4269,spam
4270,ham
4271,ham
4272,ham
4273,ham
4274,spam
4275,ham
4276,spam
4277,spam
4278,ham
4279,ham
4280,ham
4281,ham
4282,ham
4283,ham
4284,ham
4285,ham
4286,ham
4287,spam
4288,ham
4289,ham
4290,ham
4291,ham
4292,ham
4293,ham
4294,ham
4295,ham
4296,ham
4297,spam
4298,ham
4299,ham
4300,ham
4301,ham
4302,ham
4303,spam
4304,ham
4305,ham
4306,spam
4307,ham
4308,spam
4309,ham
4310,ham
4311,ham
4312,spam
4313,ham
4314,spam
4315,ham
4316,ham
4317,ham
4318,ham
4319,ham
4320,ham
4321,ham
4322,ham
4323,ham
4324,ham
4325,ham
4326,ham
4327,spam
4328,ham
4329,ham
4330,spam
4331,ham
4332,spam
4333,ham
4334,ham
4335,spam
4336,ham
4337,ham
4338,spam
4339,ham
4340,ham
4341,ham
4342,ham
4343,spam
4344,spam
4345,ham
4346,ham
4347,spam
4348,ham
4349,ham
4350,ham
4351,spam
4352,ham
4353,ham
4354,ham
4355,ham
4356,ham
4357,spam
4358,ham
4359,ham
4360,ham
4361,ham
4362,ham
4363,ham
4364,ham
4365,ham
4366,ham
4367,ham
4368,spam
4369,ham
4370,ham
4371,ham
4372,ham
4373,ham
4374,spam
4375,ham
4376,ham
4377,ham
4378,ham
4379,ham
4380,ham
4381,ham
4382,spam
4383,ham
4384,ham
4385,spam
4386,ham
4387,ham
4388,ham
4389,ham
4390,ham
4391,ham
4392,ham
4393,ham
4394,ham
4395,ham
4396,ham
4397,ham
4398,ham
4399,ham
4400,ham
4401,ham
4402,ham
4403,ham
4404,ham
4405,ham
4406,ham
4407,ham
4408,ham
4409,ham
4410,ham
4411,ham
4412,ham
4413,ham
4414,spam
4415,ham
4416,ham
4417,ham
4418,spam
4419,ham
4420,ham
4421,ham
4422,spam
4423,ham
4424,spam
4425,ham
4426,ham
4427,spam
4428,ham
4429,ham
4430,ham
4431,ham
4432,ham
4433,ham
4434,ham
4435,ham
4436,ham
4437,ham
4438,ham
4439,spam
4440,ham
4441,ham
4442,spam
4443,ham
4444,ham
4445,spam
4446,ham
4447,ham
4448,ham
4449,ham
4450,ham
4451,ham
4452,ham
4453,spam
4454,spam
4455,ham
4456,ham
4457,spam
4458,ham
4459,spam
4460,ham
4461,ham
4462,spam
4463,ham
4464,ham
4465,ham
4466,spam
4467,ham
4468,spam
4469,spam
4470,ham
4471,ham
4472,ham
4473,spam
4474,ham
4475,spam
4476,ham
4477,ham
4478,ham
4479,spam
4480,ham
4481,ham
4482,ham
4483,ham
4484,ham
4485,spam
4486,ham
4487,ham
4488,ham
4489,ham
4490,ham
4491,ham
4492,ham
4493,ham
4494,ham
4495,ham
4496,ham
4497,spam
4498,ham
4499,ham
4500,ham
4501,ham
4502,ham
4503,ham
4504,ham
4505,ham
4506,ham
4507,ham
4508,spam
4509,ham
4510,ham
4511,ham
4512,spam
4513,spam
4514,ham
4515,ham
4516,spam
4517,ham
4518,spam
4519,spam
4520,ham
4521,ham
4522,ham
4523,ham
4524,ham
4525,ham
4526,ham
4527,ham
4528,ham
4529,ham
4530,spam
4531,ham
4532,spam
4533,ham
4534,ham
4535,ham
4536,ham
4537,ham
4538,ham
4539,ham
4540,ham
4541,ham
4542,ham
4543,ham
4544,ham
4545,spam
4546,ham
4547,ham
4548,ham
4549,ham
4550,ham
4551,ham
4552,ham
4553,spam
4554,spam
4555,ham
4556,ham
4557,ham
4558,ham
4559,ham
4560,ham
4561,ham
4562,ham
4563,ham
4564,ham
4565,ham
4566,spam
4567,spam
4568,ham
4569,ham
4570,spam
4571,ham
4572,ham
4573,ham
4574,ham
4575,ham
4576,ham
4577,ham
4578,ham
4579,ham
4580,ham
4581,ham
4582,ham
4583,ham
4584,ham
4585,spam
4586,ham
4587,ham
4588,ham
4589,ham
4590,ham
4591,ham
4592,ham
4593,ham
4594,ham
4595,spam
4596,ham
4597,ham
4598,spam
4599,ham
4600,ham
4601,ham
4602,ham
4603,ham
4604,ham
4605,ham
4606,ham
4607,ham
4608,ham
4609,spam
4610,ham
4611,ham
4612,ham
4613,spam
4614,spam
4615,ham
4616,spam
4617,ham
4618,ham
4619,spam
4620,ham
4621,ham
4622,ham
4623,spam
4624,spam
4625,ham
4626,ham
4627,ham
4628,spam
4629,ham
4630,ham
4631,ham
4632,spam
4633,spam
4634,ham
4635,spam
4636,ham
4637,ham
4638,spam
4639,ham
4640,ham
4641,ham
4642,ham
4643,spam
4644,ham
4645,ham
4646,ham
4647,ham
4648,ham
4649,ham
4650,spam
4651,ham
4652,ham
4653,ham
4654,ham
4655,spam
4656,ham
4657,spam
4658,ham
4659,ham
4660,ham
4661,ham
4662,ham
4663,ham
4664,ham
4665,ham
4666,ham
4667,ham
4668,ham
4669,ham
4670,ham
4671,ham
4672,ham
4673,ham
4674,ham
4675,ham
4676,ham
4677,ham
4678,ham
4679,ham
4680,ham
4681,ham
4682,spam
4683,ham
4684,ham
4685,ham
4686,ham
4687,ham
4688,ham
4689,ham
4690,ham
4691,ham
4692,ham
4693,ham
4694,ham
4695,ham
4696,spam
4697,ham
4698,ham
4699,spam
4700,ham
4701,ham
4702,ham
4703,ham
4704,spam
4705,ham
4706,ham
4707,ham
4708,ham
4709,ham
4710,ham
4711,ham
4712,ham
4713,ham
4714,ham
4715,spam
4716,ham
4717,ham
4718,ham
4719,ham
4720,ham
4721,ham
4722,ham
4723,ham
4724,ham
4725,ham
4726,ham
4727,ham
4728,ham
4729,ham
4730,spam
4731,ham
4732,ham
4733,ham
4734,ham
4735,spam
4736,ham
4737,ham
4738,ham
4739,ham
4740,ham
4741,spam
4742,ham
4743,spam
4744,spam
4745,ham
4746,ham
4747,ham
4748,ham
4749,ham
4750,ham
4751,ham
4752,ham
4753,ham
4754,spam
4755,spam
4756,ham
4757,ham
4758,spam
4759,ham
4760,ham
4761,spam
4762,ham
4763,ham
4764,ham
4765,ham
4766,ham
4767,ham
4768,spam
4769,ham
4770,ham
4771,ham
4772,spam
4773,spam
4774,ham
4775,ham
4776,ham
4777,ham
4778,ham
4779,ham
4780,ham
4781,ham
4782,spam
4783,ham
4784,ham
4785,ham
4786,ham
4787,ham
4788,ham
4789,ham
4790,ham
4791,ham
4792,ham
4793,ham
4794,ham
4795,spam
4796,ham
4797,ham
4798,ham
4799,ham
4800,ham
4801,ham
4802,spam
4803,ham
4804,ham
4805,ham
4806,ham
4807,spam
4808,ham
4809,ham
4810,ham
4811,spam
4812,ham
4813,ham
4814,ham
4815,ham
4816,ham
4817,ham
4818,spam
4819,ham
4820,ham
4821,ham
4822,ham
4823,spam
4824,ham
4825,ham
4826,ham
4827,ham
4828,ham
4829,ham
4830,ham
4831,spam
4832,ham
4833,ham
4834,ham
4835,ham
4836,ham
4837,ham
4838,spam
4839,ham
4840,ham
4841,ham
4842,spam
4843,ham
4844,ham
4845,ham
4846,ham
4847,ham
4848,ham
4849,ham
4850,ham
4851,ham
4852,ham
4853,spam
4854,ham
4855,ham
4856,ham
4857,ham
4858,spam
4859,ham
4860,ham
4861,ham
4862,ham
4863,ham
4864,ham
4865,ham
4866,spam
4867,ham
4868,ham
4869,ham
4870,ham
4871,spam
4872,ham
4873,spam
4874,ham
4875,ham
4876,ham
4877,ham
4878,spam
4879,ham
4880,spam
4881,ham
4882,ham
4883,spam
4884,spam
4885,ham
4886,ham
4887,ham
4888,ham
4889,ham
4890,ham
4891,ham
4892,ham
4893,ham
4894,ham
4895,ham
4896,ham
4897,ham
4898,ham
4899,ham
4900,ham
4901,ham
4902,spam
4903,ham
4904,ham
4905,ham
4906,ham
4907,ham
4908,ham
4909,ham
4910,ham
4911,ham
4912,ham
4913,ham
4914,ham
4915,ham
4916,ham
4917,ham
4918,spam
4919,spam
4920,ham
4921,ham
4922,ham
4923,ham
4924,spam
4925,spam
4926,spam
4927,spam
4928,ham
4929,ham
4930,ham
4931,ham
4932,ham
4933,spam
4934,ham
4935,ham
4936,ham
4937,ham
4938,spam
4939,ham
4940,ham
4941,ham
4942,ham
4943,ham
4944,ham
4945,ham
4946,ham
4947,ham
4948,ham
4949,ham
4950,ham
4951,spam
4952,ham
4953,ham
4954,spam
4955,ham
4956,ham
4957,ham
4958,ham
4959,ham
4960,ham
4961,spam
4962,ham
4963,ham
4964,ham
4965,ham
4966,ham
4967,ham
4968,ham
4969,ham
4970,ham
4971,spam
4972,ham
4973,ham
4974,ham
4975,ham
4976,ham
4977,ham
4978,ham
4979,ham
4980,ham
4981,ham
4982,ham
4983,ham
4984,spam
4985,ham
4986,ham
4987,spam
4988,ham
4989,ham
4990,ham
4991,spam
4992,ham
4993,spam
4994,ham
4995,ham
4996,ham
4997,ham
4998,ham
4999,ham
5000,spam
5001,ham
5002,ham
5003,ham
5004,ham
5005,spam
5006,ham
5007,ham
5008,ham
5009,ham
5010,spam
5011,ham
5012,spam
5013,ham
5014,spam
5015,ham
5016,ham
5017,ham
5018,ham
5019,ham
5020,spam
5021,ham
5022,ham
5023,ham
5024,ham
5025,ham
5026,ham
5027,spam
5028,spam
5029,ham
5030,spam
5031,spam
5032,spam
5033,ham
5034,ham
5035,ham
5036,ham
5037,ham
5038,ham
5039,ham
5040,ham
5041,ham
5042,spam
5043,ham
5044,spam
5045,ham
5046,ham
5047,ham
5048,ham
5049,ham
5050,ham
5051,ham
5052,spam
5053,ham
5054,ham
5055,ham
5056,ham
5057,ham
5058,ham
5059,ham
5060,ham
5061,ham
5062,ham
5063,ham
5064,ham
5065,ham
5066,ham
5067,ham
5068,ham
5069,ham
5070,spam
5071,spam
5072,ham
5073,ham
5074,ham
5075,spam
5076,ham
5077,ham
5078,ham
5079,ham
5080,ham
5081,ham
5082,ham
5083,spam
5084,ham
5085,ham
5086,ham
5087,spam
5088,ham
5089,spam
5090,ham
5091,spam
5092,ham
5093,ham
5094,spam
5095,ham
5096,ham
5097,ham
5098,ham
5099,ham
5100,spam
5101,ham
5102,spam
5103,ham
5104,ham
5105,spam
5106,ham
5107,ham
5108,spam
5109,ham
5110,ham
5111,ham
5112,ham
5113,ham
5114,ham
5115,ham
5116,spam
5117,ham
5118,ham
5119,ham
5120,ham
5121,ham
5122,ham
5123,ham
5124,ham
5125,ham
5126,ham
5127,ham
5128,ham
5129,ham
5130,ham
5131,ham
5132,ham
5133,ham
5134,ham
5135,ham
5136,ham
5137,ham
5138,ham
5139,ham
5140,ham
5141,ham
5142,spam
5143,ham
5144,ham
5145,ham
5146,ham
5147,ham
5148,ham
5149,ham
5150,ham
5151,ham
5152,spam
5153,ham
5154,ham
5155,ham
5156,spam
5157,ham
5158,ham
5159,ham
5160,spam
5161,ham
5162,spam
5163,ham
5164,ham
5165,ham
5166,ham
5167,ham
5168,ham
5169,ham
5170,ham
5171,ham
5172,ham
5173,ham
5174,ham
5175,ham
5176,ham
5177,spam
5178,spam
5179,ham
5180,ham
5181,ham
5182,ham
5183,ham
5184,ham
5185,ham
5186,ham
5187,ham
5188,ham
5189,spam
5190,spam
5191,ham
5192,ham
5193,spam
5194,ham
5195,ham
5196,ham
5197,ham
5198,ham
5199,ham
5200,ham
5201,ham
5202,ham
5203,ham
5204,ham
5205,ham
5206,ham
5207,ham
5208,spam
5209,spam
5210,ham
5211,spam
5212,ham
5213,spam
5214,ham
5215,ham
5216,ham
5217,ham
5218,ham
5219,ham
5220,ham
5221,ham
5222,ham
5223,ham
5224,ham
5225,ham
5226,spam
5227,ham
5228,ham
5229,ham
5230,spam
5231,ham
5232,ham
5233,spam
5234,ham
5235,spam
5236,ham
5237,spam
5238,ham
5239,ham
5240,ham
5241,ham
5242,ham
5243,ham
5244,spam
5245,ham
5246,ham
5247,ham
5248,spam
5249,spam
5250,ham
5251,ham
5252,ham
5253,ham
5254,ham
5255,ham
5256,spam
5257,spam
5258,ham
5259,spam
5260,ham
5261,ham
5262,ham
5263,spam
5264,ham
5265,ham
5266,ham
5267,spam
5268,ham
5269,ham
5270,spam
5271,ham
5272,ham
5273,ham
5274,ham
5275,ham
5276,ham
5277,spam
5278,ham
5279,ham
5280,ham
5281,ham
5282,ham
5283,ham
5284,ham
5285,ham
5286,ham
5287,ham
5288,spam
5289,ham
5290,ham
5291,spam
5292,ham
5293,ham
5294,spam
5295,ham
5296,spam
5297,ham
5298,ham
5299,ham
5300,ham
5301,ham
5302,spam
5303,ham
5304,ham
5305,ham
5306,spam
5307,spam
5308,ham
5309,ham
5310,ham
5311,ham
5312,spam
5313,ham
5314,spam
5315,ham
5316,ham
5317,ham
5318,ham
5319,ham
5320,ham
5321,spam
5322,ham
5323,spam
5324,spam
5325,ham
5326,ham
5327,spam
5328,ham
5329,ham
5330,spam
5331,ham
5332,ham
5333,ham
5334,ham
5335,ham
5336,ham
5337,ham
5338,ham
5339,ham
5340,ham
5341,ham
5342,ham
5343,ham
5344,ham
5345,ham
5346,ham
5347,ham
5348,ham
5349,ham
5350,ham
5351,ham
5352,ham
5353,ham
5354,ham
5355,ham
5356,ham
5357,spam
5358,ham
5359,ham
5360,ham
5361,spam
5362,ham
5363,ham
5364,ham
5365,ham
5366,ham
5367,ham
5368,spam
5369,spam
5370,ham
5371,ham
5372,ham
5373,spam
5374,spam
5375,spam
5376,ham
5377,ham
5378,spam
5379,spam
5380,ham
5381,ham
5382,ham
5383,ham
5384,ham
5385,ham
5386,ham
5387,ham
5388,ham
5389,ham
5390,ham
5391,ham
5392,spam
5393,spam
5394,ham
5395,spam
5396,ham
5397,ham
5398,ham
5399,ham
5400,ham
5401,spam
5402,ham
5403,ham
5404,ham
5405,spam
5406,ham
5407,ham
5408,spam
5409,ham
5410,ham
5411,ham
5412,ham
5413,ham
5414,ham
5415,spam
5416,spam
5417,ham
5418,ham
5419,spam
5420,ham
5421,ham
5422,spam
5423,spam
5424,ham
5425,ham
5426,ham
5427,ham
5428,spam
5429,ham
5430,ham
5431,ham
5432,ham
5433,spam
5434,spam
5435,ham
5436,ham
5437,ham
5438,spam
5439,ham
5440,ham
5441,spam
5442,ham
5443,ham
5444,ham
5445,spam
5446,ham
5447,ham
5448,ham
5449,ham
5450,ham
5451,ham
5452,ham
5453,ham
5454,ham
5455,ham
5456,ham
5457,ham
5458,ham
5459,spam
5460,spam
5461,ham
5462,ham
5463,ham
5464,ham
5465,ham
5466,ham
5467,ham
5468,ham
5469,ham
5470,spam
5471,ham
5472,ham
5473,spam
5474,ham
5475,ham
5476,ham
5477,ham
5478,ham
5479,ham
5480,ham
5481,spam
5482,ham
5483,ham
5484,ham
5485,ham
5486,spam
5487,ham
5488,ham
5489,ham
5490,ham
5491,ham
5492,ham
5493,ham
5494,ham
5495,ham
5496,ham
5497,spam
5498,spam
5499,ham
5500,ham
5501,ham
5502,ham
5503,spam
5504,spam
5505,ham
5506,ham
5507,ham
5508,ham
5509,spam
5510,ham
5511,ham
5512,ham
5513,ham
5514,spam
5515,ham
5516,ham
5517,spam
5518,ham
5519,spam
5520,ham
5521,ham
5522,ham
5523,spam
5524,ham
5525,ham
5526,spam
5527,ham
5528,spam
5529,ham
5530,ham
5531,ham
5532,spam
5533,ham
5534,spam
5535,ham
5536,ham
5537,spam
5538,ham
5539,ham
5540,spam
5541,ham
5542,ham
5543,ham
5544,ham
5545,ham
5546,ham
5547,ham
5548,ham
5549,spam
5550,ham
5551,ham
5552,ham
5553,spam
5554,ham
5555,ham
5556,ham
5557,spam
5558,ham
5559,ham
5560,ham
5561,ham
5562,spam
5563,ham
5564,ham
5565,ham
5566,spam
5567,ham
5568,ham
5569,ham
5570,ham
5571,ham
5572,ham
5573,ham
5574,ham
5575,ham
5576,ham
5577,ham
5578,ham
5579,ham
5580,ham
5581,ham
5582,ham
5583,ham
5584,ham
5585,ham
5586,ham
5587,ham
5588,ham
5589,ham
5590,ham
5591,ham
5592,spam
5593,ham
5594,spam
5595,ham
5596,ham
5597,ham
5598,ham
5599,ham
5600,ham
5601,ham
5602,spam
5603,ham
5604,ham
5605,ham
5606,ham
5607,ham
5608,ham
5609,ham
5610,ham
5611,ham
5612,ham
5613,ham
5614,ham
5615,spam
5616,ham
5617,spam
5618,spam
5619,ham
5620,ham
5621,ham
5622,ham
5623,ham
5624,ham
5625,ham
5626,ham
5627,ham
5628,ham
5629,ham
5630,ham
5631,ham
5632,ham
5633,ham
5634,ham
5635,ham
5636,ham
5637,ham
5638,ham
5639,ham
5640,spam
5641,ham
5642,ham
5643,ham
5644,ham
5645,spam
5646,spam
5647,ham
5648,ham
5649,ham
5650,spam
5651,ham
5652,ham
5653,ham
5654,ham
5655,ham
5656,spam
5657,ham
5658,ham
5659,ham
5660,ham
5661,ham
5662,ham
5663,spam
5664,spam
5665,spam
5666,ham
5667,ham
5668,ham
5669,ham
5670,ham
5671,spam
5672,ham
5673,ham
5674,ham
5675,ham
5676,ham
5677,ham
5678,spam
5679,ham
5680,ham
5681,ham
5682,ham
5683,ham
5684,ham
5685,ham
5686,ham
5687,ham
5688,ham
5689,ham
5690,ham
5691,ham
5692,ham
5693,ham
5694,ham
5695,spam
5696,ham
5697,ham
5698,ham
5699,ham
5700,ham
5701,ham
5702,ham
5703,ham
5704,ham
5705,ham
5706,ham
5707,ham
5708,spam
5709,ham
5710,ham
5711,ham
5712,spam
5713,ham
5714,ham
5715,ham
5716,spam
5717,ham
5718,ham
5719,ham
5720,ham
5721,ham
5722,ham
5723,ham
5724,ham
5725,ham
5726,ham
5727,ham
5728,ham
5729,ham
5730,ham
5731,ham
5732,ham
5733,ham
5734,ham
5735,ham
5736,ham
5737,ham
5738,ham
5739,ham
5740,ham
5741,ham
5742,ham
5743,ham
5744,ham
5745,spam
5746,ham
5747,ham
5748,ham
5749,ham
5750,ham
5751,ham
5752,ham
5753,ham
5754,spam
5755,spam
5756,ham
5757,ham
5758,ham
5759,ham
5760,ham
5761,ham
5762,ham
5763,ham
5764,ham
5765,spam
5766,ham
5767,ham
5768,spam
5769,ham
5770,ham
5771,spam
5772,ham
5773,ham
5774,spam
5775,ham
5776,ham
5777,ham
5778,ham
5779,ham
5780,ham
5781,ham
5782,spam
5783,ham
5784,ham
5785,ham
5786,ham
5787,ham
5788,ham
5789,ham
5790,ham
5791,ham
5792,ham
5793,ham
5794,ham
5795,ham
5796,ham
5797,ham
5798,ham
5799,spam
5800,ham
5801,ham
5802,spam
5803,ham
5804,ham
5805,spam
5806,spam
5807,ham
5808,ham
5809,ham
5810,ham
5811,ham
5812,ham
5813,ham
5814,ham
5815,ham
5816,ham
5817,spam
5818,ham
5819,spam
5820,spam
5821,spam
5822,spam
5823,ham
5824,ham
5825,ham
5826,ham
5827,ham
5828,spam
5829,ham
5830,ham
5831,spam
5832,spam
5833,spam
5834,ham
5835,spam
5836,ham
5837,ham
5838,ham
5839,spam
5840,ham
5841,ham
5842,spam
5843,ham
5844,ham
5845,ham
5846,ham
5847,ham
5848,ham
5849,spam
5850,ham
5851,ham
5852,ham
5853,ham
5854,ham
5855,ham
5856,ham
5857,ham
5858,ham
5859,ham
5860,ham
5861,spam
5862,ham
5863,ham
5864,ham
5865,ham
5866,ham
5867,ham
5868,ham
5869,spam
5870,ham
5871,ham
5872,ham
5873,ham
5874,spam
5875,spam
5876,ham
5877,ham
5878,ham
5879,spam
5880,ham
5881,ham
5882,ham
5883,spam
5884,ham
5885,ham
5886,ham
5887,ham
5888,ham
5889,ham
5890,ham
5891,ham
5892,ham
5893,spam
5894,ham
5895,ham
5896,spam
5897,ham
5898,ham
5899,ham
5900,ham
5901,ham
5902,ham
5903,ham
5904,ham
5905,ham
5906,spam
5907,ham
5908,ham
5909,ham
5910,spam
5911,ham
5912,ham
5913,ham
5914,ham
5915,ham
5916,ham
5917,spam
5918,spam
5919,ham
5920,spam
5921,ham
5922,spam
5923,ham
5924,ham
5925,ham
5926,ham
5927,ham
5928,ham
5929,ham
5930,ham
5931,ham
5932,ham
5933,ham
5934,spam
5935,ham
5936,ham
5937,ham
5938,ham
5939,ham
5940,ham
5941,spam
5942,ham
5943,ham
5944,spam
5945,spam
5946,spam
5947,ham
5948,ham
5949,spam
5950,ham
5951,spam
5952,ham
5953,ham
5954,ham
5955,ham
5956,ham
5957,spam
5958,ham
5959,ham
5960,spam
5961,ham
5962,ham
5963,spam
5964,ham
5965,ham
5966,spam
5967,ham
5968,ham
5969,spam
5970,ham
5971,ham
5972,ham
5973,ham
5974,ham
5975,spam
5976,ham
5977,ham
5978,ham
5979,spam
5980,spam
5981,ham
5982,ham
5983,ham
5984,ham
5985,ham
5986,ham
5987,spam
5988,ham
5989,ham
5990,ham
5991,ham
5992,spam
5993,ham
5994,ham
5995,ham
5996,ham
5997,ham
5998,ham
5999,ham
6000,ham
6001,ham
6002,ham
6003,ham
6004,ham
6005,ham
6006,ham
6007,ham
6008,spam
6009,spam
6010,ham
6011,ham
6012,ham
6013,ham
6014,ham
6015,ham
6016,ham
6017,ham
6018,ham
6019,ham
6020,spam
6021,ham
6022,ham
6023,ham
6024,ham
6025,ham
6026,ham
6027,ham
6028,spam
6029,ham
6030,ham
6031,ham
6032,ham
6033,spam
6034,spam
6035,ham
6036,ham
6037,ham
6038,ham
6039,ham
6040,ham
6041,spam
6042,ham
6043,ham
6044,spam
6045,ham
6046,ham
6047,spam
6048,spam
6049,ham
6050,spam
6051,ham
6052,ham
6053,ham
6054,ham
6055,ham
6056,ham
6057,ham
6058,spam
6059,spam
6060,ham
6061,ham
6062,ham
6063,spam
6064,ham
6065,ham
6066,ham
6067,ham
6068,spam
6069,ham
6070,ham
6071,ham
6072,ham
6073,ham
6074,spam
6075,spam
6076,ham
6077,ham
6078,ham
6079,ham
6080,ham
6081,ham
6082,spam
6083,ham
6084,ham
6085,ham
6086,spam
6087,ham
6088,spam
6089,spam
6090,ham
6091,ham
6092,ham
6093,ham
6094,ham
6095,ham
6096,ham
6097,ham
6098,ham
6099,ham
6100,ham
6101,spam
6102,ham
6103,ham
6104,ham
6105,ham
6106,spam
6107,ham
6108,spam
6109,spam
6110,ham
6111,ham
6112,ham
6113,ham
6114,spam
6115,ham
6116,spam
6117,spam
6118,ham
6119,ham
6120,ham
6121,ham
6122,ham
6123,ham
6124,ham
6125,ham
6126,ham
6127,ham
6128,ham
6129,spam
6130,ham
6131,ham
6132,ham
6133,spam
6134,spam
6135,ham
6136,ham
6137,ham
6138,spam
6139,ham
6140,ham
6141,ham
6142,ham
6143,ham
6144,spam
6145,ham
6146,ham
6147,ham
6148,ham
6149,spam
6150,ham
6151,ham
6152,ham
6153,ham
6154,ham
6155,ham
6156,ham
6157,spam
6158,ham
6159,ham
6160,ham
6161,spam
6162,spam
6163,ham
6164,ham
6165,ham
6166,spam
6167,ham
6168,ham
6169,spam
6170,spam
6171,ham
6172,ham
6173,ham
6174,ham
6175,ham
6176,spam
6177,ham
6178,ham
6179,ham
6180,ham
6181,ham
6182,ham
6183,ham
6184,ham
6185,ham
6186,ham
6187,ham
6188,ham
6189,ham
6190,ham
6191,ham
6192,spam
6193,ham
6194,ham
6195,ham
6196,ham
6197,ham
6198,ham
6199,spam
6200,ham
6201,ham
6202,ham
6203,ham
6204,ham
6205,ham
6206,ham
6207,ham
6208,ham
6209,ham
6210,ham
6211,ham
6212,ham
6213,ham
6214,ham
6215,ham
6216,ham
6217,ham
6218,ham
6219,ham
6220,ham
6221,ham
6222,ham
6223,ham
6224,ham
6225,ham
6226,ham
6227,ham
6228,ham
6229,ham
6230,ham
6231,spam
6232,spam
6233,spam
6234,spam
6235,ham
6236,spam
6237,ham
6238,ham
6239,ham
6240,ham
6241,ham
6242,ham
6243,ham
6244,spam
6245,spam
6246,spam
6247,spam
6248,ham
6249,ham
6250,spam
6251,ham
6252,ham
6253,ham
6254,spam
6255,ham
6256,ham
6257,ham
6258,ham
6259,ham
6260,spam
6261,ham
6262,ham
6263,ham
6264,ham
6265,spam
6266,ham
6267,ham
6268,ham
6269,ham
6270,ham
6271,ham
6272,spam
6273,ham
6274,ham
6275,ham
6276,ham
6277,ham
6278,spam
6279,ham
6280,ham
6281,ham
6282,ham
6283,ham
6284,ham
6285,ham
6286,ham
6287,ham
6288,spam
6289,ham
6290,ham
6291,ham
6292,ham
6293,ham
6294,ham
6295,ham
6296,spam
6297,spam
6298,ham
6299,spam
6300,ham
6301,ham
6302,ham
6303,ham
6304,ham
6305,ham
6306,ham
6307,ham
6308,ham
6309,spam
6310,ham
6311,ham
6312,spam
6313,ham
6314,ham
6315,ham
6316,ham
6317,spam
6318,ham
6319,ham
6320,spam
6321,ham
6322,ham
6323,ham
6324,ham
6325,ham
6326,spam
6327,ham
6328,ham
6329,ham
6330,ham
6331,ham
6332,spam
6333,ham
6334,ham
6335,ham
6336,ham
6337,ham
6338,ham
6339,spam
6340,ham
6341,spam
6342,ham
6343,ham
6344,spam
6345,ham
6346,ham
6347,ham
6348,ham
6349,ham
6350,ham
6351,spam
6352,ham
6353,ham
6354,ham
6355,ham
6356,spam
6357,ham
6358,ham
6359,ham
6360,spam
6361,ham
6362,ham
6363,ham
6364,ham
6365,ham
6366,ham
6367,spam
6368,ham
6369,spam
6370,ham
6371,ham
6372,ham
6373,ham
6374,ham
6375,ham
6376,ham
6377,ham
6378,ham
6379,ham
6380,ham
6381,ham
6382,ham
6383,ham
6384,spam
6385,ham
6386,ham
6387,ham
6388,ham
6389,ham
6390,spam
6391,ham
6392,ham
6393,spam
6394,ham
6395,ham
6396,ham
6397,ham
6398,ham
6399,spam
6400,ham
6401,ham
6402,ham
6403,ham
6404,ham
6405,ham
6406,ham
6407,ham
6408,spam
6409,ham
6410,ham
6411,ham
6412,ham
6413,ham
6414,ham
6415,ham
6416,ham
6417,spam
6418,ham
6419,spam
6420,ham
6421,ham
6422,spam
6423,ham
6424,spam
6425,ham
6426,ham
6427,ham
6428,spam
6429,ham
6430,ham
6431,spam
6432,ham
6433,ham
6434,spam
6435,ham
6436,spam
6437,spam
6438,ham
6439,ham
6440,spam
6441,ham
6442,ham
6443,ham
6444,ham
6445,ham
6446,spam
